跳楼拼ㄌ 免比价最便宜日本授权贩售 宝可梦 皮卡丘 夹娃娃机 神奇宝贝 抓抓机 夹 娃 机 玩具 夹娃娃 Pokemon, $400 - $1789
现货 TOMY 口袋妖怪 宠物小精灵神奇宝贝精灵球皮卡丘小火龙杰尼龟 8cm触碰可翻转 爆炸精灵球整玩具 时尚最夯小物, $198 - $980
💥特价 精灵宝可梦 宝可梦抓宝大冒险游戏机 PC14284 丽婴国际正版公司货, $1680
佳佳玩具 ----- 日本进口 神奇宝贝 宝可梦 Pokemon 手表 数码手表 卡通手表 【05391197】, $249
🌸日版 神奇宝贝中心限定 转蛋 单售&大全 忍者 樱花头 歌舞伎 消防 绅士 和服 相扑 东京日本桥皮卡丘 精灵宝可梦, $115 - $290
跳楼拼ㄌ网络最低价日本进口最新 宝可梦 皮卡丘 夹娃娃机  夹 娃娃 机 抓抓机  Pokemon 神奇宝贝 圣诞礼物, $400 - $1799
空运 神奇宝贝Mega超进化宝可梦公仔SP15喷火龙X 抓宝 蜥蜴王巨沼怪究极异兽暴蝾螈路卡利欧水箭龟固拉多梦幻超梦, $299 - $1180
现货口袋妖怪 TOMY SP 鬃岩狼人 皮卡丘 百变怪 烈咬陆鲨 超梦 路卡利欧皮卡丘百变怪虚吾依德卡璞蝶蝶 黄昏狼人, $250 - $699
10月特价◆复仇者联盟X变装皮卡丘【蜘蛛人、奇异博士、洛基、黑豹、黑寡妇、浩克毁灭者】精灵宝可梦神奇宝贝MARVEL漫威, $840 - $888
现货Tretta珍藏弹&01&02弹金超梦y金胡帕金烈空座金酋雷姆黑烈空座盖欧卡超梦x阿尔宙斯基格尔德z, $100 - $300
【代购】日本正版🇯🇵2019神奇宝贝中心限定《迷你拼图扭蛋盒玩》皮卡丘夜间游行 全十种类 箱购 盒抽, $195 - $200
单款现货 宝可梦 毛茸茸布偶游行 皮卡丘 日本宝可梦中心 盒玩 植绒 绒毛盒玩 pokemon 伊布 乘龙 呆呆兽 六尾, $200 - $450
现货 日本原单 口袋妖怪 PC中心 宠物小精灵TOMY伊布系列公仔冰精灵仙子精灵太阳精灵叶精灵水精灵火精灵月精灵生日礼, $399
空运 TOMY口袋妖怪小火龙杰尼龟妙蛙种子雷丘皮丘皮卡丘手办, $99 - $299
［日版 全新］神奇宝贝 压克力透明球 第二弹 球盆 皮卡丘 波克比 可达鸭 蚊香蝌蚪, $200
$㊣【买玩具】【现货】神奇宝贝中心 限定 扭蛋 日本桥DX店限定 变装 皮卡丘 (一套7种), $980
‘现货’ 神奇宝贝 扭蛋 伊布皮卡丘 伊布 皮卡丘 呆河马 可达鸭 呆呆兽 变装, $237 - $837
日版【喷火龙、水箭龟、妙蛙花】神奇宝贝场景模型桌上小物◆小火龙、杰尼龟、妙蛙种子◆精灵宝可梦盒玩/非立体图鉴扭蛋转蛋, $300 - $530
宝可梦 饲育生态球 摆饰 盒玩 第一代 Pokemon 神奇宝贝 日本正品 该该贝比日本精品 ☆, $300
🍀绿の铺✨‼️现货‼️ “超梦” Pokemon 神奇宝贝变形球 宝可梦✨, $280
W1111 宝可梦 食玩 7-11 限定 磁铁 皮卡丘杰尼龟妙蛙种子泪眼蜥炎兔儿胖丁暴鲤龙敲音猴 不含软糖 现货, $70 - $100
[全新 现货］皮卡丘 伊布家族 水精灵 火精灵 雷精灵 茶杯 系列 神奇宝贝 精灵 宝可梦, $100 - $130
§小俏妞部屋§ [现货/单款区] 日版POLYGO 千值练 精灵宝可梦 皮卡丘耿鬼小火龙杰尼龟妙蛙种子呆呆兽 盒玩, $250
‘现货’ 神奇宝贝 百变怪 第八代 神奇宝贝中心 扭蛋 仙子伊布, $104 - $399
河马班-文具系列-授权卡通精灵宝可梦闪亮大拉炼大容量笔袋, $120
日版现货一套 神奇宝贝 伊布 假扮 变装 进化 家族 精灵宝可梦 扭蛋 转蛋 水 雷 火 太阳 月 叶 冰 仙子 精灵, $2199 - $2399
现货 日系口袋妖怪儿童成人1000片木质拼图300-500片动漫神奇宝贝宠物小精灵皮卡丘伊布家族喷火龙裂空座固拉多洛奇亚, $399 - $599
【宝可梦香水瓶摆饰】宝可梦 饲育球 摆饰 盒玩 香水瓶 Re-ment 日本正品 该该贝比日本精品 ☆, $100
［全新 正版］神奇宝贝 桌上小物 皮卡丘 鲤鱼王 可达鸭 杰尼龟 地鼠 绿毛虫 妙蛙种子 六尾 精灵 宝可梦 盒玩 公仔, $180 - $280
[全新 日空版] 皮卡丘 皮卡丘最爱番茄酱 🍅盒玩 精灵宝可梦 神奇宝贝, $90 - $130
【刺猬蹦蹦蹦】现货 Re-MeNT 盒玩 神奇宝贝 盆景品EX 阿罗拉地方篇2 中盒六入, $280
等离子 神奇宝贝中心限定 扭蛋 反派皮卡丘 转蛋 电浆队 水舰队 火箭队 骷髅队 太空队 红帽队 火岩队, $888
*超威*神奇宝贝中心限定“与百变怪同乐（メタモンといっしょ）”系列转蛋~6入一组含蛋纸～现货中, $720
现货 宠物小精灵 宝可梦 路卡利欧毛绒公仔 神奇宝贝Mega超进化路卡利欧毛绒玩具娃娃, $350
【VK. select】共10款可挑款 精灵宝可梦 神奇宝贝 皮卡丘 游行 公仔 小公仔 约2-5cm 非日版, $100 - $150
【刺猬蹦蹦蹦】现货 Re-ment 神奇宝贝香水瓶 宝可梦 香水  小花瓶 宝可梦盒玩 神奇宝贝盒玩 妖精伊布 仙子精灵, $280
万代 BANDAI口袋妖怪 神奇宝贝 XY Mega超梦x Mega超梦y 超梦, $499
【盒玩系列】台湾现货🎈第七弹 宝可梦 精灵球 超梦 宝可梦饲育球 大葱鸭 皮卡丘 小小象 雷公 转蛋 POKÉMON, $99 - $199
［全新］神奇宝贝 桌上小物 鲤鱼王 转蛋 扭蛋 公仔 精灵 宝可梦, $65
【宝可梦饲育球4】宝可梦 饲育生态球 摆饰 盒玩 第四代 Pokemon 日本正品 该该贝比日本精品 ☆, $200 - $290
【PTCG】特典硬币（单售/组合售）●售完为止● 宝可梦 pokemon, $50
‘预购’ 神奇宝贝 咬线器 咬豆腐气 插头保护 插座 皮卡丘, $265 - $480
【讯地ノ心】神奇宝贝系列 ●世界中心2-雪领沿岸● 皮卡丘、杰尼龟、可拉可拉、可达鸭、急冻鸟、喷火龙 (随机盒玩), $300 - $350
现货 宝可梦 x  卡娜赫拉 联名 转蛋 神奇宝贝中心限定 全新日本带回 蛋壳未拆 现货在台 不用等, $990 - $1080
宠物小精灵手办神奇宝贝TOMY究极战队小智可动冰六尾鬃岩狼人, $150 - $680
现货 TOMY空运 神奇宝贝ORAS宝石重制MHP-06 MEGA盖欧卡 海皇牙精灵宝可梦口袋妖怪手办模型手办神兽大号, $1980
🍀绿の铺✨ ‼️现货‼️ “喷火龙” Pokemon 神奇宝贝变形球 宝可梦✨, $280
东京 现货 孟克展艺术吊饰 现货 呐喊皮卡丘/木木枭/可达鸭/伊布/, $190
【刺猬蹦蹦蹦】现货 RE-MENT 盒玩 宝可梦 饲育球 压克力球 生态球 P5 神奇宝贝 电龙 水君 太阳精灵 全6款, $250 - $500
